Date,EURUSDLret,SP500Lret,VIX
2018-01-01,0.0,,
2018-01-02,6.0045214560904646e-05,0.004491126877798392,9.770000457763672
2018-01-03,0.00012066471150454927,0.005621975068714537,9.149999618530273
2018-01-04,-7.205642080411225e-05,0.0017195204202451362,9.220000267028809
2018-01-05,0.00021722857811818852,0.004318160858184181,9.220000267028809
2018-01-08,-0.00016853813017028935,0.0018359532803887775,9.520000457763672
2018-01-09,7.180426340158572e-05,5.093621021674358e-05,10.079999923706055
2018-01-10,0.0,0.0009756240107563011,9.819999694824219
2018-01-11,0.00010758797882734753,0.005285768497943924,9.880000114440918
2018-01-12,0.0,0.005780737792567433,10.15999984741211
2018-01-15,-6.091151294495731e-05,,
2018-01-16,-0.00012271500999229876,-0.008085605765412198,11.65999984741211
2018-01-17,-1.2337319210418375e-05,0.006289026896058407,11.90999984741211
2018-01-18,0.00020715089460869964,-0.0015605494531844137,12.220000267028809
2018-01-19,6.118176676144355e-05,0.0027436639887263078,11.270000457763672
2018-01-22,-3.6767387914712575e-05,0.008440145984829875,11.029999732971191
2018-01-23,-8.578321245301585e-05,0.0014380350065027734,11.100000381469727
2018-01-24,4.919455060943885e-05,-0.0027731632517699976,11.470000267028809
2018-01-25,-0.0003965765197209428,-0.002458888774142294,11.579999923706055
2018-01-26,0.0,0.008877185145308634,11.079999923706055
2018-01-29,-1.2373522101649105e-05,-0.004789565490650633,13.84000015258789
2018-01-30,-4.948821579715614e-05,-0.0036462458808340977,14.789999961853027
2018-01-31,9.923740434032445e-05,-0.003040850669496096,13.539999961853027
2018-02-01,9.945274121448978e-05,0.0019615499836188924,13.470000267028809
2018-02-02,-0.00021266719037034038,-0.016797961221809946,17.309999465942383
2018-02-05,-1.2450534266929843e-05,-0.03418519042151969,37.31999969482422
2018-02-06,-3.7108181582442744e-05,0.03027013604305746,29.979999542236328
2018-02-07,-1.232398959906594e-05,-0.0034582999911971415,27.729999542236328
2018-02-08,-2.4486507255497384e-05,-0.03950753524929223,33.459999084472656
2018-02-09,0.0,0.006806728505837707,29.059999465942383
2018-02-12,-4.9033700463567225e-05,0.007274133439600752,25.610000610351562
2018-02-13,0.00020910733241577355,0.006279644910512907,24.969999313354492
2018-02-14,6.175956674538127e-05,0.017728068577266838,19.260000228881836
2018-02-15,1.2526006403723717e-05,0.006516496272561343,19.1299991607666
2018-02-16,-0.0003000853187570501,0.0018610532071400509,19.459999084472656
2018-02-19,0.0,,
2018-02-20,-3.720822013659589e-05,-0.002474599955171666,20.600000381469727
2018-02-21,-1.2273278362459787e-05,-0.00708245179661448,20.020000457763672
2018-02-22,0.00012279020716455966,-0.002386224883590075,18.719999313354492
2018-02-23,4.9322569031210504e-05,0.011532041708773977,16.489999771118164
2018-02-26,-9.827609858004318e-05,0.00802969820961296,15.800000190734863
2018-02-27,-3.697522166923135e-05,-0.013094011395525528,18.59000015258789
2018-02-28,0.0006723810859875655,-0.014613573882879989,19.850000381469727
2018-03-01,2.434816705596274e-05,-0.013925986409481585,22.469999313354492
2018-03-02,-3.6721425634776166e-05,0.012097067627984463,19.59000015258789
2018-03-05,-0.00024641417178444526,0.014765126739802854,18.729999542236328
2018-03-06,-9.865543091409532e-05,-0.0007547458118748493,18.360000610351562
2018-03-07,-0.00021109839063312654,0.006113750286367712,17.760000228881836
2018-03-08,-0.00012405412347519168,0.0022734984303196537,16.540000915527344
2018-03-09,-9.841089656782801e-05,0.012152971272844407,14.640000343322754
2018-03-12,1.2299924655897035e-05,-0.002698463465148525,15.779999732971191
2018-03-13,7.390724875515507e-05,-0.009716465628156073,16.350000381469727
2018-03-14,-4.9539677804984626e-05,-0.008900176410919525,17.229999542236328
2018-03-15,2.46597294493603e-05,-0.0025228824211448865,16.59000015258789
2018-03-16,0.0001230983617026375,0.0005233695534365839,15.800000190734863
2018-03-19,0.0,-0.01043588370588102,19.020000457763672
2018-03-20,-9.865300013364278e-05,0.0006958380474847675,18.200000762939453
2018-03-21,0.0003062456473094567,-0.0011277332122502943,17.860000610351562
2018-03-22,-8.640316795107356e-05,-0.017871035619107408,23.34000015258789
2018-03-23,-8.627198913447713e-05,-0.022331505449902873,24.8700008392334
2018-03-26,3.70534516346543e-05,0.014854647077348687,21.030000686645508
2018-03-27,0.00019925241173770084,-0.020814377170190686,22.5
2018-03-28,-1.2393667258969982e-05,-0.0024155251164332757,22.8700008392334
2018-03-29,-0.00020934029609893142,0.01007003567130907,19.969999313354492
2018-03-30,2.4611809270600123e-05,,
2018-04-02,0.00011075253161689959,-0.01977698472376778,23.6200008392334
2018-04-03,-4.916540275240132e-05,0.00855839905117441,21.100000381469727
2018-04-04,-7.368679146235678e-05,0.023199753224328868,20.059999465942383
2018-04-05,-8.605486706456938e-05,0.002060066240216413,18.940000534057617
2018-04-06,4.894360389079886e-05,-0.01575187364221607,21.489999771118164
2018-04-09,0.0,-0.0015371927801783893,21.770000457763672
2018-04-10,1.2286298817966926e-05,0.006972352646446735,20.469999313354492
2018-04-11,-6.180563575838093e-05,-0.000643180308987843,20.239999771118164
2018-04-12,-0.0003711941265047885,0.003821086212240118,18.489999771118164
2018-04-13,-0.00030827995834268023,-0.007725176686132157,17.40999984741211
2018-04-16,-3.692421662605873e-05,0.0028945707580811768,16.559999465942383
2018-04-17,3.715394970483995e-05,0.005056344900691204,15.25
2018-04-18,1.2332229887969787e-05,-0.0005426398633730983,15.600000381469727
2018-04-19,4.9498633741828586e-05,-0.0029772353854263037,15.960000038146973
2018-04-20,0.00011105099347497856,-0.008361570420389527,16.8799991607666
2018-04-23,-3.681089268725101e-05,-0.00191177000296699,16.34000015258789
2018-04-24,-0.000183157282532206,-0.017399068286621036,18.020000457763672
2018-04-25,0.00042837807639893133,0.0016987902499095537,17.84000015258789
2018-04-26,7.306588675517755e-05,0.005749674870275519,16.239999771118164
2018-04-27,0.00016962966478568874,-0.002080323838849439,15.40999984741211
2018-04-30,-0.00047297568202973785,-0.01292938851104694,15.930000305175781
2018-05-01,-0.00015707524350841166,0.0044698542712928325,15.489999771118164
2018-05-02,-4.791495871134253e-05,-0.007020968201949882,15.970000267028809
2018-05-03,-5.964774318845932e-05,0.0006276006091961424,15.899999618530273
2018-05-04,0.0,0.01588340075149801,14.770000457763672
2018-05-07,-5.982720707840526e-05,-0.0028807224596028333,14.75
2018-05-08,9.550190052055018e-05,0.0006214362616139553,14.710000038146973
2018-05-09,9.492686243969887e-05,0.007317834220210495,13.420000076293945
2018-05-10,-3.551899771197085e-05,0.00665063219904242,13.229999542236328
2018-05-11,0.00019057248482109933,0.0018420675921141086,12.649999618530273
2018-05-14,4.777604267756278e-05,-0.0030501753940953007,12.930000305175781
2018-05-15,-7.16358250767192e-05,-0.002629866734905199,14.630000114440918
2018-05-16,-0.00014188066730296832,0.0036208682702555373,13.420000076293945
2018-05-17,0.00023628810268184444,0.00015438758783178867,13.430000305175781
2018-05-18,0.00027119587184342174,-0.001613211688411919,13.420000076293945
2018-05-21,0.00024702723920089355,-0.000870412919777018,13.079999923706055
2018-05-22,0.0003065502595054007,-0.005089048583003371,13.220000267028809
2018-05-23,-9.434317615368951e-05,0.007089841117042718,12.579999923706055
2018-05-24,0.0002575870864762475,-0.001165087668778528,12.529999732971191
2018-05-25,-4.6878675910696805e-05,-0.0008338103848839935,13.220000267028809
2018-05-28,0.0001169833334762009,,
2018-05-29,-4.6444254062145614e-05,-0.0056534290311570316,17.020000457763672
2018-05-30,0.00015001267697245895,0.007953719979900539,14.9399995803833
2018-05-31,9.339165175341849e-05,-0.005790372663128458,15.430000305175781
2018-06-01,-1.1723926408288921e-05,0.005838722482258328,13.460000038146973
2018-06-04,-0.00011666260778478274,0.0018949290090050001,12.739999771118164
2018-06-05,-0.00010534189363114321,0.00012372996382009794,12.399999618530273
2018-06-06,-3.51739116150505e-05,0.0069133391456277435,11.640000343322754
2018-06-07,0.00012958037169860163,-0.001612191966037059,12.130000114440918
2018-06-08,0.00011795055318284509,0.004757538411575102,12.180000305175781
2018-06-11,-0.00024751324921544514,0.0006544442814524617,12.350000381469727
2018-06-12,7.067278775597145e-05,0.0004486356906401255,12.34000015258789
2018-06-13,5.875271041695827e-05,-0.004425244607852522,12.9399995803833
2018-06-14,0.00011802727271596403,-0.0002587170395303966,12.119999885559082
2018-06-15,0.00027748566828518365,0.000676528367025344,11.979999542236328
2018-06-18,-9.282636711352462e-05,0.0028738726897567413,12.3100004196167
2018-06-19,5.801383190782654e-05,0.0038371199793070083,13.350000381469727
2018-06-20,-6.943354012063154e-05,-0.0008704679351973372,12.789999961853027
2018-06-21,0.00017369631410563165,-0.007073730499399734,14.640000343322754
2018-06-22,-0.0001044561969742843,-0.0021430428563144394,13.770000457763672
2018-06-25,7.002694813619633e-05,-0.009476197512302975,17.329999923706055
2018-06-26,8.180041182869155e-05,0.00034523794814585873,15.920000076293945
2018-06-27,0.000186450417469656,-0.01061898131919163,17.90999984741211
2018-06-28,0.00010412612673104028,0.00650791482036046,16.850000381469727
2018-06-29,-0.00012721208849505078,-0.003217252109380511,16.09000015258789
2018-07-02,1.1636657021214823e-05,0.00801233012707141,15.600000381469727
2018-07-03,0.00011632728161276283,-0.007362591113295333,16.139999389648438
2018-07-04,-1.1655818405800604e-05,,
2018-07-05,4.6612131163150315e-05,0.004548852666690091,14.970000267028809
2018-07-06,0.0001753245572932641,0.008054663544716983,13.369999885559082
2018-07-09,4.696559405924813e-05,0.003075587879032926,12.6899995803833
2018-07-10,-4.704601232681009e-05,0.0018916705119078844,12.640000343322754
2018-07-11,-0.0002814384644331885,-0.0020886632833874577,13.630000114440918
2018-07-12,9.331538227118557e-05,0.005428782186021086,12.579999923706055
2018-07-13,0.00018660941579394836,0.0015648231781976694,12.180000305175781
2018-07-16,1.1636113024036114e-05,0.0003823675385661432,12.829999923706055
2018-07-17,-9.365706515537815e-05,0.007219305333652719,12.0600004196167
2018-07-18,-0.00038456299186102313,0.001517697868603812,12.100000381469727
2018-07-19,-4.657445641670754e-05,-0.0017385998542957478,12.869999885559082
2018-07-20,3.4980502464768015e-05,-0.0009703126990816497,12.859999656677246
2018-07-23,1.1675396563764578e-05,0.0027862485956929085,12.619999885559082
2018-07-24,-0.00038597015789391617,-9.928216063100453e-05,12.40999984741211
2018-07-25,-0.00018697517522951485,0.010007529986619046,12.289999961853027
2018-07-26,-0.00019955086396847323,0.0006874582524965478,12.140000343322754
2018-07-27,-0.00013974940446242966,-0.008312827244726375,13.029999732971191
2018-07-30,-0.00023316829873412488,-0.005834619533119676,14.260000228881836
2018-07-31,-0.00010538208729103634,0.0023320434495465495,12.829999923706055
2018-08-01,0.0,-0.0027721280794860796,13.149999618530273
2018-08-02,0.00017495808255410213,0.009503062246659037,12.1899995803833
2018-08-03,3.4674779128002424e-05,0.0037848499625800715,11.640000343322754
2018-08-06,8.09381359337502e-05,0.003553127659922649,11.270000457763672
2018-08-07,4.620773243909759e-05,0.0008854972703554575,10.930000305175781
2018-08-08,-3.493117070011677e-05,0.00031845785664861735,10.850000381469727
2018-08-09,5.801101584616689e-05,-0.001264230129982794,11.270000457763672
2018-08-10,-0.0004149354479143832,-0.0019815573389792857,13.15999984741211
2018-08-13,-0.00010252045501277322,-0.004783143940685929,14.779999732971191
2018-08-14,0.0003534297571105228,0.004262680933025614,13.3100004196167
2018-08-15,-0.00021558014149153387,-0.003393305041391953,14.640000343322754
2018-08-16,0.0,0.003261564312199539,13.449999809265137
2018-08-17,-7.966963939966131e-05,0.004152214231338405,12.640000343322754
2018-08-20,-1.1464649638829028e-05,0.0010926732394808104,12.489999771118164
2018-08-21,0.0001952545676526032,0.0005065800712742003,12.859999656677246
2018-08-22,3.4702497908738315e-05,0.00029009459420186395,12.25
2018-08-23,-0.00012748678345116723,-0.0011579159117123283,12.40999984741211
2018-08-24,4.6163205114367045e-05,0.004301822087952643,11.989999771118164
2018-08-27,0.0003843425938972624,0.004168541838200567,12.15999984741211
2018-08-28,1.1733659998457017e-05,-0.0013553897544263866,12.5
2018-08-29,-0.00015201748179337015,0.00461590027346195,12.25
2018-08-30,3.5122838568252774e-05,-0.0026884576379186485,13.529999732971191
2018-08-31,-0.00010505293379687333,0.0010861939033985002,12.859999656677246
2018-09-03,0.00022043851527262496,,
2018-09-04,0.00020907847123711952,-8.284552731389415e-05,13.15999984741211
2018-09-05,-0.00012746758197209704,-0.0010345647479003339,13.90999984741211
2018-09-06,2.3257695109167208e-05,-0.0036727674841754796,14.649999618530273
2018-09-07,-0.0003254623545563096,0.0011916230185651854,14.880000114440918
2018-09-10,0.00018500086469000829,-0.0014795505473305832,14.15999984741211
2018-09-11,0.00022022724620805,0.005667152131462522,13.220000267028809
2018-09-12,1.1616617293630954e-05,0.00021805778888237383,13.140000343322754
2018-09-13,0.0002325153206085888,0.002527081517639551,12.369999885559082
2018-09-14,0.00011695462209681726,-0.00048178133991430317,12.069999694824219
2018-09-17,0.0004649929840109765,-0.005189374324565249,13.680000305175781
2018-09-18,0.0,0.004683339418460403,12.789999961853027
2018-09-19,9.339238664909354e-05,0.0004643019764346891,11.75
2018-09-20,4.6665316410378036e-05,0.003767223407659074,11.800000190734863
2018-09-21,-1.1843996346748154e-05,-0.0024171741332857685,11.680000305175781
2018-09-24,0.0,-0.0008422793263979286,12.199999809265137
2018-09-25,-2.342987506958556e-05,-0.0021208206054675084,12.420000076293945
2018-09-26,-0.0002470388535369153,-0.003781596262595111,12.890000343322754
2018-09-27,0.00011750611846975329,0.0008068105097720557,12.40999984741211
2018-09-28,4.6507273069789396e-05,0.0013564371527127071,12.119999885559082
2018-10-01,3.48223697090052e-05,-0.000581092479361797,12.0
2018-10-02,0.0,-0.00012659573481133202,12.050000190734863
2018-10-03,0.0001154828855183699,-0.0021102007735388996,11.609999656677246
2018-10-04,-9.182058306079165e-05,-0.0060952298356612995,14.220000267028809
2018-10-05,4.605744875761304e-05,-0.005863751384192303,14.819999694824219
2018-10-08,-0.0001152444274542817,0.0023949856259518703,15.6899995803833
2018-10-09,-4.5943926534719706e-05,-0.0007530725043265709,15.949999809265137
2018-10-10,0.00025312108114137425,-0.031177974153111493,22.959999084472656
2018-10-11,0.00010377923891165589,-0.017620032088281883,24.979999542236328
2018-10-12,0.0,-0.0012316215047773191,21.309999465942383
2018-10-15,3.467562756787691e-05,-0.004729269864410465,21.299999237060547
2018-10-16,1.1526365583824802e-05,0.015374196986374777,17.6200008392334
2018-10-17,-9.26831971588176e-05,-0.000875293956050592,17.399999618530273
2018-10-18,0.0,-0.011926647366610666,20.059999465942383
2018-10-19,0.000423875583778138,-0.0028429596796089723,19.889999389648438
2018-10-22,-0.00014965466824917237,-0.006531902803333872,19.639999389648438
2018-10-23,0.00027529879657869514,0.007199196270265862,20.709999084472656
2018-10-24,4.592610034072144e-05,-0.030321370354526325,25.229999542236328
2018-10-25,4.5596330465512765e-05,0.011408160535049686,24.219999313354492
2018-10-26,0.00023891106963477135,-0.003443194935323029,24.15999984741211
2018-10-29,0.0,-0.015552785595282738,24.700000762939453
2018-10-30,9.09605921197205e-05,0.015761179058181758,23.350000381469727
2018-10-31,4.528357632171018e-05,0.0022667564182802667,21.229999542236328
2018-11-01,0.0002489477283208461,0.008351183392743058,19.34000015258789
2018-11-02,4.5580214180524276e-05,-0.008188708679607982,19.510000228881836
2018-11-05,4.560308352942974e-05,0.004369866130251626,19.959999084472656
2018-11-06,0.0003765129513115706,0.006206978356784058,19.90999984741211
2018-11-07,-0.00021726993895357832,0.014230687203330154,16.360000610351562
2018-11-08,6.84998955827246e-05,0.00016040565615685416,16.719999313354492
2018-11-09,-1.1429682939150227e-05,-0.0046959115400987805,17.360000610351562
2018-11-12,2.263154440543893e-05,-0.01734903901179137,20.450000762939453
2018-11-13,0.0008308410880290823,-0.002886937154798965,20.020000457763672
2018-11-14,-0.00042990101243125893,-0.013354351561826664,21.25
2018-11-15,-0.00015838048557920424,0.013525953057118057,19.979999542236328
2018-11-16,-3.4104631327993766e-05,0.006500700378570477,18.139999389648438
2018-11-19,0.00015980848084356361,-0.014760106156955118,20.100000381469727
2018-11-20,2.2895073751228544e-05,-0.004799491550054711,22.479999542236328
2018-11-21,-2.2746356273198293e-05,-0.002942935165724748,20.799999237060547
2018-11-22,-4.5533234218263e-05,,
2018-11-23,4.568527893042004e-05,-0.00030385908219571103,21.520000457763672
2018-11-26,-0.00013605143227732056,0.008821446767961205,18.899999618530273
2018-11-27,-7.941101224548839e-05,0.006891234825667995,19.020000457763672
2018-11-28,0.00014687538473034316,0.019260126856763583,18.489999771118164
2018-11-29,0.00017051507128180418,0.0003032376258362205,18.790000915527344
2018-11-30,0.0,0.008152172362159612,18.06999969482422
2018-12-03,3.405364858377466e-05,-4.654572129292259e-05,16.440000534057617
2018-12-04,-9.091308977339468e-05,-0.03005060536367947,20.739999771118164
2018-12-05,-6.799486457481532e-05,,
2018-12-06,0.00015883140458011055,0.012105823279620134,21.190000534057617
2018-12-07,-0.00018202390830018985,-0.021855195747612396,23.229999542236328
2018-12-10,-0.0002508100241182368,0.002604066771697999,22.639999389648438
2018-12-11,0.00013626000529584652,-0.010435395350378456,21.760000228881836
2018-12-12,2.263538765010493e-05,-0.002697122552467338,21.459999084472656
2018-12-13,6.823596460400732e-05,-0.003073855598674761,20.649999618530273
2018-12-14,3.4094438345446505e-05,-0.01136994449490685,21.6299991607666
2018-12-17,-6.790068788958976e-05,-0.017447498617883847,24.520000457763672
2018-12-18,-1.1448393504337177e-05,-0.005381849761953278,25.579999923706055
2018-12-19,-2.274040657537426e-05,-0.01586499777129801,25.579999923706055
2018-12-20,0.00014800833563065913,-0.01182486568711395,28.3799991607666
2018-12-21,-8.021982525431074e-05,-0.019975988135751934,30.110000610351562
2018-12-24,6.823984852349731e-05,-0.0208187225964126,36.06999969482422
2018-12-25,-0.00010264656726280466,,
2018-12-26,0.00018266008591102657,0.04330369354339276,30.40999984741211
2018-12-27,-0.00020447914307934658,0.018790646986020412,29.959999084472656
2018-12-28,1.147146816453937e-05,-0.005228220608197766,28.34000015258789
2018-12-31,9.14956655349407e-05,0.003160405359500105,25.420000076293945
2019-01-01,-0.00010340629363564448,,
2019-01-02,3.442675373047514e-05,0.013262730895744226,23.219999313354492
2019-01-03,6.793769136753532e-05,-0.017827081213335334,25.450000762939453
2019-01-04,1.1407073505489047e-05,0.023016100300477557,21.3799991607666
2019-01-07,-0.000216759704436383,0.005537478546966548,21.399999618530273
2019-01-08,3.437269545572785e-05,0.0024500858781331906,20.469999313354492
2019-01-09,-0.00010311594866890628,0.0019206199078778156,19.979999542236328
2019-01-10,-2.321237262890559e-05,0.008947530559377363,19.5
2019-01-11,-0.0004374834427933126,0.003144030566090618,18.190000534057617
2019-01-14,-0.00022923563641138181,0.0008909876218594904,19.06999969482422
2019-01-15,-2.2962786519577042e-05,0.009700946255616842,18.600000381469727
2019-01-16,0.0002397665337089673,0.0005162058407427625,19.040000915527344
2019-01-17,-7.990134071169478e-05,0.0101730947625686,18.059999465942383
2019-01-18,6.84350321079866e-05,0.007305562192515822,17.799999237060547
2019-01-21,1.1432670408204284e-05,,
2019-01-22,-2.2647715003749152e-05,-0.009442905243352869,20.799999237060547
2019-01-23,2.2658786165558684e-05,-0.001809870418477469,19.520000457763672
2019-01-24,0.00010248469922365633,0.0013216732779659796,18.889999389648438
2019-01-25,0.00031668426259053934,0.0027507696224427585,17.420000076293945
2019-01-28,3.426018269370173e-05,-0.00042348692114192174,18.8700008392334
2019-01-29,2.2840869074149544e-05,-0.001850518770660656,19.1299991607666
2019-01-30,2.28301660309723e-05,0.01028373733514896,17.65999984741211
2019-01-31,0.00018379654490369946,0.006905972840908515,16.56999969482422
2019-02-01,-0.00011452257684569976,0.0015566938301689304,16.139999389648438
2019-02-04,-0.0001719005104017966,0.006768174730788454,15.729999542236328
2019-02-05,4.5865678199951665e-05,0.003424736139034195,15.569999694824219
2019-02-06,0.0001027077279064682,-0.0012585168135430926,15.380000114440918
2019-02-07,-3.408630327186148e-05,-0.004233365211958812,16.3700008392334
2019-02-08,-0.00010208014856426389,0.005747825336112387,15.720000267028809
2019-02-11,0.0,-0.0009589663746362768,15.970000267028809
2019-02-12,-0.00011287157667897304,0.008091683847483369,15.430000305175781
2019-02-13,0.0001699730424324216,0.0009921195544958996,15.649999618530273
2019-02-14,7.894727934430965e-05,0.0008124930452395291,16.219999313354492
2019-02-15,5.6464621314883325e-05,0.005549346294754072,14.90999984741211
2019-02-18,0.0002823935552833995,,
2019-02-19,-1.1275959669901876e-05,0.0037772273601149957,14.880000114440918
2019-02-20,0.0,0.002030969862351067,14.020000457763672
2019-02-21,0.0,-0.0019297906104034927,14.460000038146973
2019-02-22,0.00028348116955693314,0.004306221719817228,13.510000228881836
2019-02-25,0.00018142261870568788,-0.0029426139561625916,14.850000381469727
2019-02-26,0.00011368381941224607,0.0005512793740998058,15.170000076293945
2019-02-27,-9.113064945051771e-05,0.0017491000376683504,14.699999809265137
2019-02-28,0.00020481031938462762,-0.0012992562298782455,14.779999732971191
2019-03-01,7.966148902641337e-05,0.0019528955400546209,13.569999694824219
2019-03-04,5.690309169233356e-05,-0.007690198699306231,14.630000114440918
2019-03-05,-7.938310812583974e-05,-0.0017048567088171294,14.739999771118164
2019-03-06,7.918008238121877e-05,-0.006767741019692026,15.739999771118164
2019-03-07,0.0001357184518588858,-0.0063821177274850545,16.59000015258789
2019-03-08,-0.0003248408898934591,0.004486797125614146,16.049999237060547
2019-03-11,0.00012354253784819196,0.012905809630879473,14.329999923706055
2019-03-12,3.377530812479836e-05,0.001498489778305876,13.770000457763672
2019-03-13,5.650416545448068e-05,0.003970950973428013,13.40999984741211
2019-03-14,-0.00015863771891193396,-0.0006762590498375117,13.5
2019-03-15,6.778528554823622e-05,0.004150327659020591,12.880000114440918
2019-03-18,-1.1268179351409126e-05,0.003652994096870614,13.100000381469727
2019-03-19,5.668181601019914e-05,-0.0028871745456710194,13.5600004196167
2019-03-20,0.0001588552930843073,-0.002514374707349811,13.90999984741211
2019-03-21,-0.00018284587609111234,0.012392190802615484,13.630000114440918
2019-03-22,9.096990589730106e-05,-0.015521400644220723,16.479999542236328
2019-03-25,-2.2583935730883268e-05,0.0008401652894827503,16.329999923706055
2019-03-26,0.00011314976183729058,0.0020599990801032446,14.680000305175781
2019-03-27,3.383426728562196e-05,-0.005102099493632674,15.149999618530273
2019-03-28,3.3797745079073575e-05,0.002147631417723258,14.430000305175781
2019-03-29,4.4903431356815535e-05,0.0021650158993729257,13.710000038146973
2019-04-01,3.3775573848148315e-05,0.006494299819379706,13.399999618530273
2019-04-02,-2.234004765328397e-05,-0.00034870665176705147,13.359999656677246
2019-04-03,8.959302533869036e-05,-0.0009357997832034692,13.739999771118164
2019-04-04,0.0001461744149571107,0.00187712406944318,13.579999923706055
2019-04-05,0.00011235705682639066,0.0029704805619221696,12.819999694824219
2019-04-08,-0.00022437744119213683,0.0025275836231389605,13.180000305175781
2019-04-09,0.0,-0.0029073556366207066,14.279999732971191
2019-04-10,0.00018020080004793287,0.0023710033873015,13.300000190734863
2019-04-11,3.382930620427779e-05,-0.0012455724977243337,13.020000457763672
2019-04-12,0.00012386693530922065,0.0022553384886726522,12.010000228881836
2019-04-15,0.00012433064860889093,-0.000942565358260961,12.319999694824219
2019-04-16,4.523862664520795e-05,-0.0017871340619794937,12.180000305175781
2019-04-17,-1.1197239479174944e-05,-0.005360664335633364,12.600000381469727
2019-04-18,-0.00031640944025020947,7.57234966548528e-05,12.09000015258789
2019-04-19,-1.1246141433081916e-05,,
2019-04-22,0.0,0.0031652642455782675,12.420000076293945
2019-04-23,1.1223269692322083e-05,0.008107942954249863,12.279999732971191
2019-04-24,-1.1257766531430397e-05,-0.00230326397409303,13.140000343322754
2019-04-25,-0.00031236340032479774,-0.0009632763647000712,13.25
2019-04-26,-2.237119583398263e-05,0.004797338878598897,12.729999542236328
2019-04-29,0.00011151507568675185,0.0008328054608461635,13.109999656677246
2019-04-30,8.952941745467581e-05,0.002954355337854289,13.119999885559082
2019-05-01,-0.0002019203911278502,-0.009734523887916988,14.800000190734863
2019-05-02,-8.971551089819937e-05,-0.0015890917340787404,14.420000076293945
2019-05-03,8.940915491675085e-05,0.005593325747847809,12.869999885559082
2019-05-06,-0.0001117876806770584,0.008073533136014183,15.4399995803833
2019-05-07,-0.00023526543896966798,-0.009998213407903715,19.31999969482422
2019-05-08,0.00013433306556164844,-6.604777053655158e-05,19.399999618530273
2019-05-09,7.835226051880211e-05,0.0037971492397747297,19.100000381469727
2019-05-10,0.00031416376838859793,0.006371265241937156,16.040000915527344
2019-05-13,-2.2385055525664392e-05,-0.010021146598751187,20.549999237060547
2019-05-14,1.1249679092445709e-05,0.005054292847776472,18.059999465942383
2019-05-15,7.852206580485686e-05,0.010784179871117343,16.440000534057617
2019-05-16,-0.0002017598635856015,0.00715969197029333,15.289999961853027
2019-05-17,-0.00011169686485345825,0.0003252572530450193,15.960000038146973
2019-05-20,0.0,-0.0006018690087165661,16.309999465942383
2019-05-21,-7.823473830232516e-05,0.0036164434439848662,14.949999809265137
2019-05-22,,7.351148645935257e-05,14.75
2019-05-23,3.344823818671124e-05,-0.005110495095654211,16.920000076293945
2019-05-24,6.715006902450052e-05,-0.0022443721408654696,15.850000381469727
2019-05-27,0.0002914289077682452,,
2019-05-28,2.2364329194148345e-05,-0.009814736465247775,17.5
2019-05-29,0.0,-0.002594521528350727,17.899999618530273
2019-05-30,-8.904968261062243e-05,0.0006887499819637807,17.299999237060547
2019-05-31,0.00011127814744819882,-0.0051066829531869464,18.709999084472656
2019-06-03,5.579727560306711e-05,-0.0025764584538899315,18.860000610351562
2019-06-04,6.741733111336614e-05,0.01459989446764786,16.969999313354492
2019-06-05,-9.003287371104394e-05,0.0028559451565986498,16.09000015258789
2019-06-06,0.0001572380382757521,0.005282092841261763,15.930000305175781
2019-06-07,9.017878505272991e-05,0.007149600579278077,16.299999237060547
2019-06-10,0.00010194246746678141,0.00031178622375700456,15.9399995803833
2019-06-11,-2.2644871487880513e-05,-0.006063269283269763,15.989999771118164
2019-06-12,1.1258612378161607e-05,-0.0010029874816648331,15.90999984741211
2019-06-13,0.00022587251534668805,0.001869164477435248,15.819999694824219
2019-06-14,7.905014700257791e-05,5.539232673920114e-05,15.279999732971191
2019-06-17,8.98064713659803e-05,-2.7711474884182484e-05,15.350000381469727
2019-06-18,-0.0002245953112559507,0.003790927350526998,15.149999618530273
2019-06-19,6.717466399887963e-05,0.002021516676759552,14.329999923706055
2019-06-20,0.0002360389972840507,0.0015514923931228182,14.75
2019-06-21,0.00021457767781047547,-0.000762302335434893,15.399999618530273
2019-06-24,0.00014796597856680477,-0.002058695300111615,15.260000228881836
2019-06-25,1.1293280320560769e-05,-0.00968773460993098,16.280000686645508
2019-06-26,0.00012508881663056778,-0.004209031739211364,16.209999084472656
2019-06-27,1.1318642852989529e-05,0.001799962130787468,15.819999694824219
2019-06-28,0.00013648279457440974,0.003002732074757321,15.079999923706055
2019-07-01,0.00011370966138414303,-0.002385494429806004,14.0600004196167
2019-07-02,3.390211614480213e-05,0.002812585836082636,12.930000305175781
2019-07-03,0.00019192617931988853,0.005939182760302981,12.569999694824219
2019-07-04,0.0,,
2019-07-05,-2.2604088129871e-05,0.002062013363974308,13.279999732971191
2019-07-08,-4.491200353685095e-05,-0.0012828235383921418,13.960000038146973
2019-07-09,0.00011213656140356618,0.004746689320042737,14.09000015258789
2019-07-10,0.0003249781014105961,0.0012603767257698432,13.029999732971191
2019-07-11,-0.00021396159285772342,9.660587435533239e-05,12.930000305175781
2019-07-12,0.00019124232076022336,0.0034600955191550664,12.390000343322754
2019-07-15,2.2632150875021267e-05,-0.0011604583266569511,12.680000305175781
2019-07-16,7.875779483943166e-05,-0.0026893683958416634,12.859999656677246
2019-07-17,-8.962405902735078e-05,-0.0069054808708359835,13.970000267028809
2019-07-18,0.00016837738911938907,0.005436921324954769,13.529999732971191
2019-07-19,0.0,-0.009246179498448356,14.449999809265137
2019-07-22,2.2421778412468388e-05,0.0010390878958386385,13.529999732971191
2019-07-23,0.00010085217972654722,0.0035765388132848884,12.609999656677246
2019-07-24,2.2342793725635867e-05,0.006908933704454191,12.069999694824219
2019-07-25,1.1126684903912742e-05,-0.004182808235249933,12.739999771118164
2019-07-26,8.909415370154104e-05,0.004176153613537795,12.15999984741211
2019-07-29,0.00011137533015823137,-0.0011578976633522748,12.829999923706055
2019-07-30,7.809903110879399e-05,0.0018336382369018634,13.9399995803833
2019-07-31,5.56640196842429e-05,-0.011953612222764552,16.1200008392334
2019-08-01,-4.425132015813362e-05,-0.009019457961673588,17.8700008392334
2019-08-02,-0.00026595352834049796,-0.004033345987771792,17.610000610351562
2019-08-05,5.559235479921527e-05,-0.018573350215495332,24.59000015258789
2019-08-06,0.00010115044323958664,0.0071705922181685335,20.170000076293945
2019-08-07,0.00010084427301909174,0.008821826555779287,19.489999771118164
2019-08-08,-4.4791496389764523e-05,0.014356768061265781,16.90999984741211
2019-08-09,-1.118861148542851e-05,-0.004055325501107582,17.969999313354492
2019-08-12,0.0001456121731371465,-0.008418386578192645,21.09000015258789
2019-08-13,0.0,0.01570543156508789,17.520000457763672
2019-08-14,-4.46875966450261e-05,-0.018676092655084957,22.100000381469727
2019-08-15,-0.00015596236781636753,0.0004918144299379952,21.18000030517578
2019-08-16,0.00019996105975177486,0.008322034510627593,18.469999313354492
2019-08-19,0.0,0.0034845660006226687,16.8799991607666
2019-08-20,5.550196581636834e-05,-0.006357934076062116,17.5
2019-08-21,-6.659638959807574e-05,0.0008175506667153101,15.800000190734863
2019-08-22,3.332092218860702e-05,-0.002729807134290799,16.68000030517578
2019-08-23,6.646849449580302e-05,-0.02221625223469391,19.8700008392334
2019-08-26,0.0,0.004066069774515631,19.31999969482422
2019-08-27,0.00023321286255301716,-0.008323106993403342,20.309999465942383
2019-08-28,0.0,0.00927433750570957,19.350000381469727
2019-08-29,4.430447195222019e-05,0.004870646210842853,17.8799991607666
2019-08-30,0.00021016421015369153,-0.0036258370818089253,18.979999542236328
2019-09-02,7.68961587167803e-05,,
2019-09-03,0.00010977596258731633,-0.0009423417009437645,19.65999984741211
2019-09-04,8.777163997501391e-05,0.004472576955214952,17.329999923706055
2019-09-05,-0.0002316946018448264,0.005188133488301167,16.270000457763672
2019-09-06,0.0,-0.0005437510796362086,15.0
2019-09-09,-1.1033209202576269e-05,-0.003351849914877721,15.270000457763672
2019-09-10,9.948645789263839e-05,0.0028165798903985683,15.199999809265137
2019-09-11,5.523529156795899e-05,0.006525904350690535,14.609999656677246
2019-09-12,-8.821142997471951e-05,0.00016282396335795294,14.220000267028809
2019-09-13,5.530342310722218e-05,-0.001601458404819615,13.739999771118164
2019-09-16,-6.646775816056371e-05,0.0005171682413670031,14.670000076293945
2019-09-17,0.00017613334704735762,0.0033425830594435513,14.4399995803833
2019-09-18,3.31540467288726e-05,0.0017409392805203265,13.949999809265137
2019-09-19,0.0,-0.0011866311098707803,14.050000190734863
2019-09-20,0.0002209960976421177,-0.005449519624021965,15.319999694824219
2019-09-23,-4.40302475971919e-05,0.002771429809503165,14.90999984741211
2019-09-24,0.0,-0.012005389201181391,17.049999237060547
2019-09-25,0.0001101600579141058,0.005549958287860785,15.960000038146973
2019-09-26,9.861215911151946e-05,-0.002719903459662034,16.06999969482422
2019-09-27,-3.2850146963742884e-05,-0.007963350094017151,17.219999313354492
2019-09-30,9.848608162133777e-05,0.003253781769955279,16.239999771118164
2019-10-01,4.353011278269818e-05,-0.014666158158356504,18.559999465942383
2019-10-02,-4.371482000133088e-05,-0.012790066635329765,20.559999465942383
2019-10-03,0.00015343092955154771,0.008712945891934346,19.1200008392334
2019-10-04,4.38814869725099e-05,0.01139593354177049,17.040000915527344
2019-10-07,0.0,-0.0018493708804836145,17.860000610351562
2019-10-08,-5.4865407293030314e-05,-0.00940577401175305,20.280000686645508
2019-10-09,-1.0876595991020325e-05,0.00284703208772313,18.639999389648438
2019-10-10,0.00017588159882755733,0.006686350341701958,17.56999969482422
2019-10-11,-0.00030839513161976933,0.002426948261601083,15.579999923706055
2019-10-14,0.00016764192114093415,0.00011458059481506426,14.569999694824219
2019-10-15,0.0002866879828511073,0.007394489004973387,13.539999961853027
2019-10-16,6.622521209204997e-05,3.348100498134652e-06,13.680000305175781
2019-10-17,5.758843634400017e-05,-0.0009402234412999983,13.789999961853027
2019-10-18,0.0,-0.003556769757948719,14.25
2019-10-21,-3.344637245814898e-05,0.0034115139422675974,14.0
2019-10-22,-2.2234401259006854e-05,-0.004907843179974519,14.460000038146973
2019-10-23,-3.341873677486321e-05,0.003504198685016816,14.010000228881836
2019-10-24,-2.227308385719862e-05,-0.0014904361325608583,13.710000038146973
2019-10-25,-4.4445017012359985e-05,0.006382495929886559,12.649999618530273
2019-10-28,-4.430889365178274e-05,0.002404598555846282,13.109999656677246
2019-10-29,-0.00029971961781863105,0.0004940483915701776,13.199999809265137
2019-10-30,0.00023340887763348002,0.002310037250172739,12.329999923706055
2019-10-31,2.2336315552918923e-05,-0.0030700673998593736,13.220000267028809
2019-11-01,8.922047330493499e-05,0.0052928926766550345,12.300000190734863
2019-11-04,-0.0002569274765084507,-0.00022410772744434375,12.829999923706055
2019-11-05,2.2281265195527063e-05,-0.0020079648668541185,13.100000381469727
2019-11-06,-2.2067183811086544e-05,0.0005461522811612413,12.619999885559082
2019-11-07,-2.2182439800090154e-05,-0.0005962502704698038,12.729999542236328
2019-11-08,-0.001351856364923444,0.0038320246737014022,12.069999694824219
2019-11-11,-3.2985641245218244e-05,0.0021662286034454126,12.6899995803833
2019-11-12,5.520172857351866e-05,0.0008283478371552002,12.680000305175781
2019-11-13,2.2083321020670416e-05,0.003191895348505605,13.0
2019-11-14,0.0004073977554848218,0.0019006056501640538,13.050000190734863
2019-11-15,-0.0002204271991859885,0.004026747322047123,12.050000190734863
2019-11-18,9.942600362670734e-05,0.0013205632826405584,12.460000038146973
2019-11-19,1.1089440048542119e-05,-0.0023272898519871026,12.859999656677246
2019-11-20,-2.9909460407614642e-05,-0.0019925546509299186,12.779999732971191
2019-11-21,-1.1082809298631772e-05,-0.001593666545775325,13.130000114440918
2019-11-22,2.208429056701832e-05,-0.0003599894137479096,12.34000015258789
2019-11-25,-0.00014328880932968372,0.005183100478350561,11.869999885559082
2019-11-26,0.00022027253159098185,0.0018070403217647518,11.539999961853027
2019-11-27,4.412627382886966e-05,0.002584455375666123,11.75
2019-11-28,-0.00011005142098752837,,
2019-11-29,4.406129760809062e-05,-0.0019719451374042387,12.619999885559082
2019-12-02,0.00012128252443509987,-0.009581831342617428,14.90999984741211
2019-12-03,0.00027688876001545843,0.0018736147028768177,15.960000038146973
2019-12-04,0.0003102972850331301,0.002979288704308353,14.800000190734863
2019-12-05,3.323664052737155e-05,-0.0005708296056432845,14.520000457763672
2019-12-06,0.00011110638189842281,0.0035951765311320865,13.619999885559082
2019-12-09,9.84216796265003e-05,-0.0018796805761641664,15.859999656677246
2019-12-10,4.30951357508913e-05,-0.0009062356099580099,15.680000305175781
2019-12-11,-9.983091617019529e-05,0.0018733562861799205,14.989999771118164
2019-12-12,0.0002338244156316723,0.008665966838854431,13.9399995803833
2019-12-13,0.0002348002426148865,0.0006787668069350722,12.630000114440918
2019-12-16,-6.675821009254894e-05,0.0024533252869951986,12.140000343322754
2019-12-17,-1.1132015752311764e-05,-0.0009016653442226314,12.289999961853027
2019-12-18,-1.1117634406969019e-05,-0.0012746150786489665,12.579999923706055
2019-12-19,0.0,0.004079618283874506,12.5
2019-12-20,0.0002002746308725203,-0.0006548502164754991,12.510000228881836
2019-12-23,0.0,-0.0006325643829647048,12.609999656677246
2019-12-24,7.75857048404653e-05,-0.000641998155872034,12.670000076293945
2019-12-25,-0.00011092457688331051,,
2019-12-26,3.3306877647781635e-05,0.0039306514255329685,12.649999618530273
2019-12-27,-1.1167969918718574e-05,-0.002222810561064558,13.430000305175781
2019-12-30,6.705697953466779e-05,-0.005819221748733962,14.819999694824219
2019-12-31,-0.0001950397451534482,0.004840280798447252,13.779999732971191
2020-01-01,0.0,,
2020-01-02,0.0001682972413742891,0.004053872588405258,12.470000267028809
2020-01-03,5.591707797594918e-05,0.0026279891386051745,14.020000457763672
2020-01-06,-4.464123612110822e-05,0.008889518850794009,13.850000381469727
2020-01-07,0.00019376855301363833,-0.0014447129720050538,13.789999961853027
2020-01-08,-8.923141885853396e-05,0.004454955773296021,13.449999809265137
2020-01-09,-0.00011101630937519703,0.002651057902910207,12.539999961853027
2020-01-10,0.0001667400047575293,-0.005028132876918134,12.5600004196167
2020-01-13,1.1045237055324367e-05,0.005183523346146549,12.319999694824219
2020-01-14,0.00011133938074699577,-0.0006699232381173452,12.390000343322754
2020-01-15,0.00011128062645243594,0.002136485747353423,12.420000076293945
2020-01-16,0.0001171427140549013,0.0041814404692870275,12.319999694824219
2020-01-17,0.00014148275448356141,0.001791659646447101,12.100000381469727
2020-01-20,-5.5441681650606226e-05,,
2020-01-21,4.436769561957185e-05,-7.226640649982686e-05,12.850000381469727
2020-01-22,-2.2151990615299414e-05,-0.0024865633562472364,12.90999984741211
2020-01-23,-9.990511171200182e-05,0.0029421986002538363,12.979999542236328
2020-01-24,-1.1106507362051941e-05,-0.011354041918302435,14.5600004196167
2020-01-27,-8.822433291201264e-05,-0.0010877041951560871,18.229999542236328
2020-01-28,1.1034181948637748e-05,0.006396593639607059,16.280000686645508
2020-01-29,-3.3093427615826256e-05,-0.004894235435844332,16.389999389648438
2020-01-30,0.00025334298430371513,0.008320997201983368,15.489999771118164
2020-01-31,3.307482368498254e-05,-0.017459376245784957,18.84000015258789
2020-02-03,6.6648864994448e-05,0.004089710848520094,17.969999313354492
2020-02-04,0.0,0.005162511834985562,16.049999237060547
2020-02-05,0.00023192172179296554,0.002937124314606281,15.149999618530273
2020-02-06,0.0001650296355469548,0.00025710536502606795,14.960000038146973
2020-02-07,0.0001757418026372288,-0.002350229011118955,15.470000267028809
2020-02-10,5.47650402984445e-05,0.010137472898687322,15.039999961853027
2020-02-11,0.00010912819094043244,-0.0024154015229336883,15.180000305175781
2020-02-12,-0.00021842904846050397,0.002651858600893987,13.739999771118164
2020-02-13,-4.351349913830059e-05,0.0023858260916170826,14.149999618530273
2020-02-14,0.0,0.0006154957660692427,13.680000305175781
2020-02-17,0.00010842040605808631,,
2020-02-18,0.0002817842969765782,0.00037095675678256747,14.829999923706055
2020-02-19,6.471170331089543e-05,0.0017024982728188255,14.380000114440918
2020-02-20,4.2236545281849845e-05,-0.002138085762623678,15.5600004196167
2020-02-21,2.5857747910993347e-05,-0.006792845139816195,17.079999923706055
2020-02-24,4.333357017173324e-05,-0.009784982781941112,25.030000686645508
2020-02-25,1.4064536885725811e-05,-0.034785154199058525,27.850000381469727
2020-02-26,9.136659120133369e-05,-0.007515675008822361,27.559999465942383
2020-02-27,2.1792336446536003e-05,-0.02773753994849129,39.15999984741211
2020-02-28,0.00015393898452787795,0.012713271684710176,40.11000061035156
2020-03-02,-0.00011045166111541197,0.03824351272609245,33.41999816894531
2020-03-03,-2.2356744214964e-05,-0.03052448033357166,36.81999969482422
2020-03-04,0.00030188901601201155,0.02732420366158132,31.989999771118164
2020-03-05,0.0,-0.016971904278901263,39.619998931884766
2020-03-06,0.0,0.006131783725606502,41.939998626708984
2020-03-09,-1.1412010701706816e-05,-0.04183156214926926,54.459999084472656
2020-03-10,4.570611689323105e-05,0.02414214896679108,47.29999923706055
2020-03-11,2.8337151213279724e-05,-0.030259365490270963,53.900001525878906
2020-03-12,6.764392557751208e-05,-0.05879428167125159,75.47000122070312
2020-03-13,0.00012300117772609488,0.05342295099613275,57.83000183105469
2020-03-16,-0.0003793977557618724,-0.05004811977676502,82.69000244140625
2020-03-17,-1.1212643676166482e-05,0.04179545413406932,75.91000366210938
2020-03-18,-0.00012109015566435713,-0.01588578542539116,76.44999694824219
2020-03-19,0.0016538573166628586,0.00662519315517695,72.0
2020-03-20,-0.00010659352548936787,-0.05364333386046732,66.04000091552734
2020-03-23,0.0006414870140456864,-0.02354736234460132,61.59000015258789
2020-03-24,-1.07419016168199e-05,0.04295112388468831,61.66999816894531
2020-03-25,0.00012967204963636896,0.00721221401959388,63.95000076293945
2020-03-26,0.0001851327259676472,0.050203873387647015,61.0
2020-03-27,0.00018776138949392,-0.005650078097403317,65.54000091552734
2020-03-30,0.00033416897294131093,0.02610049886314614,57.08000183105469
2020-03-31,0.00018752380918297373,-0.0115785991986301,53.540000915527344
2020-04-01,-0.00014334478098196042,-0.011101908781423359,57.060001373291016
2020-04-02,0.00024098072085820566,0.027425522651248486,50.90999984741211
2020-04-03,0.0003254569519584124,-0.010500607301361115,46.79999923706055
2020-04-06,-0.00011890488395412637,0.03258607837073871,45.2400016784668
2020-04-07,0.00017280755152423546,-0.029360801963475687,46.70000076293945
2020-04-08,7.626520226593762e-05,0.023912903861608388,43.349998474121094
2020-04-09,0.0002281591533570454,0.004609498332861435,41.66999816894531
2020-04-10,0.00013113718211747895,,
2020-04-13,0.00012027784742454642,-0.007514371782393301,41.16999816894531
2020-04-14,0.00031676312452280907,0.014496378476868318,37.7599983215332
2020-04-15,0.00027458373874918917,-0.004402152710887457,40.84000015258789
2020-04-16,0.00011773935853955994,7.500091356367087e-05,40.11000061035156
2020-04-17,-0.00015204010682636353,0.011240343361882744,38.150001525878906
2020-04-20,6.516319598162417e-05,-0.007924217376922841,43.83000183105469
2020-04-21,0.00011949247642294114,-0.01747799088069679,45.40999984741211
2020-04-22,-8.674207742837006e-05,0.004087980390719171,41.97999954223633
2020-04-23,0.00025941341610616467,-0.004500499058008705,41.380001068115234
2020-04-24,6.460084093952572e-05,0.008531996202460968,35.93000030517578
2020-04-27,0.0,0.008313160821623793,33.290000915527344
2020-04-28,-0.00021648337055112088,-0.016133121890123434,33.56999969482422
2020-04-29,0.0003900484980403858,0.007186837603249863,31.229999542236328
2020-04-30,5.436062643626573e-05,-0.006325164229587562,34.150001525878906
2020-05-01,6.567609044676737e-05,-0.013467387174240486,37.189998626708984
2020-05-04,0.0001973306414002492,0.00980255490836619,35.970001220703125
2020-05-05,-2.1755092646618317e-05,-0.00015336129781551086,33.61000061035156
2020-05-06,-0.00014088222318951182,-0.012115513586386918,34.119998931884766
2020-05-07,-0.00018356797356688026,0.0010174346224772787,31.440000534057617
2020-05-08,2.1670308911096167e-05,0.007183212642490252,27.979999542236328
2020-05-11,-5.421696056322958e-05,0.005039648932417173,27.56999969482422
2020-05-12,2.1615681780863467e-05,-0.02388561728587031,33.040000915527344
2020-05-13,4.3412477950985156e-05,-0.016131632176686964,35.279998779296875
2020-05-14,0.0001623557939360819,0.02052827532003064,32.61000061035156
2020-05-15,6.486316907180517e-05,0.011855451557330868,31.889999389648438
2020-05-18,0.00017318856046905757,0.013650987169066492,29.299999237060547
2020-05-19,-6.541751255356079e-05,-0.008737180779214062,30.530000686645508
2020-05-20,-0.0002185892971066149,0.006069046934224322,27.989999771118164
2020-05-21,0.00032936478380834864,-0.007245139895587081,29.530000686645508
2020-05-22,4.386270668756814e-05,0.0025069556091611113,28.15999984741211
2020-05-25,-0.00011452737091007084,,
2020-05-26,0.00017550008959476323,-0.004106198684012996,28.010000228881836
2020-05-27,0.00010986063234539467,0.00676827623520057,27.6200008392334
2020-05-28,0.00014316715308980603,-0.005556032128667729,28.59000015258789
2020-05-29,8.866493108719028e-05,0.006307031319879314,27.510000228881836
2020-06-01,0.0003558087313621758,0.005562381503169592,28.229999542236328
2020-06-02,3.342989430042686e-05,0.005220019275574587,26.84000015258789
2020-06-03,0.00033564895909652027,0.007705310020982394,25.65999984741211
2020-06-04,-0.00011234963898415085,0.00025387225937044665,25.809999465942383
2020-06-05,5.656831771960456e-05,0.009465604550720238,24.520000457763672
2020-06-08,0.00030555988081698327,0.010095983384385757,25.809999465942383
2020-06-09,0.00023738036381097436,-0.0019126667987286613,27.56999969482422
2020-06-10,-0.00016998074819624148,-0.007270996924903581,27.56999969482422
2020-06-11,-0.0002842046917938076,-0.03965170558329321,40.790000915527344
2020-06-12,-0.00011299238158248819,-0.00972791624985115,36.09000015258789
2020-06-15,-0.0001913181401916053,0.024036098009303786,34.400001525878906
2020-06-16,-2.2605657397976433e-05,-0.002001365742475894,33.66999816894531
2020-06-17,6.751297034664909e-05,-0.007245237974519252,33.470001220703125
2020-06-18,0.0001461209916220914,0.004407354545926418,32.939998626708984
2020-06-19,0.000335109615937741,-0.013642354575289933,35.119998931884766
2020-06-22,-0.00016764067859515247,0.007546439206535372,31.770000457763672
2020-06-23,0.00022555721924167067,-0.0023636132021396805,31.3700008392334
2020-06-24,-0.0001131715213610331,-0.020786678857976346,33.84000015258789
2020-06-25,-4.49241629348298e-05,0.012123388053351178,32.220001220703125
2020-06-26,0.00011218242744159615,-0.021094917569818912,34.72999954223633
2020-06-29,0.00015717596455036795,0.01141345460654933,31.780000686645508
2020-06-30,1.1235021384762372e-05,0.016288521870672944,30.43000030517578
2020-07-01,0.00020223994065828873,0.003195289437236638,28.6200008392334
2020-07-02,-0.00017999426800219742,-0.0043451274677922605,27.68000030517578
2020-07-03,-0.0001685443526225553,,
2020-07-06,-0.00014625574199085656,0.007712711647156743,27.940000534057617
2020-07-07,0.00022626583950827184,-0.006692254406852875,29.43000030517578
2020-07-08,0.00021422527826001924,0.005336038706004636,28.079999923706055
2020-07-09,0.00011344242848359427,-0.007622993498636989,29.260000228881836
2020-07-10,-0.0001129936583247925,0.010278596817922942,27.290000915527344
2020-07-13,0.00011310196702486559,-0.01567886057164445,32.189998626708984
2020-07-14,-3.068052558084857e-05,0.017799240610134576,29.520000457763672
2020-07-15,-1.1491793605826144e-05,0.00017979838111835202,27.760000228881836
2020-07-16,-1.3677888748117736e-05,0.0022447205270463367,28.0
2020-07-17,0.0004931943055225719,0.00016127287185230705,25.68000030517578
2020-07-20,0.00029746956769679124,0.008508233924773902,24.459999084472656
2020-07-21,9.16581082460885e-05,-0.0034386426966262753,24.84000015258789
2020-07-22,-9.229126613369385e-05,0.006479979953789538,24.31999969482422
2020-07-23,0.0001734389532468013,-0.011058456875300254,26.079999923706055
2020-07-24,9.273109531108814e-05,-0.0009170342706123486,25.84000015258789
2020-07-27,0.0,0.006059491147792517,24.739999771118164
2020-07-28,0.00023542230554762114,-0.004906499742975879,25.440000534057617
2020-07-29,-0.0001523722418155704,0.009627458814921693,24.100000381469727
2020-07-30,-0.0003418008568384236,0.004464349997122972,24.760000228881836
2020-07-31,-0.00011877795669792529,0.0002048945470174674,24.459999084472656
2020-08-03,-0.00015316949083890973,0.0019292799380388255,24.280000686645508
2020-08-04,0.00023533873734564133,0.005030030802007477,23.760000228881836
2020-08-05,4.731983340066317e-05,0.003130080215249089,22.989999771118164
2020-08-06,-7.128516206383606e-05,0.007790418737273277,22.649999618530273
2020-08-07,0.00011874975891349862,0.003356579598165914,22.209999084472656
2020-08-10,2.3674743026442115e-05,0.0013191173024532706,22.1299991607666
2020-08-11,1.1781070338907355e-05,-0.01093387453498374,24.030000686645508
2020-08-12,-0.00028171849278239597,0.0073904251427471075,22.280000686645508
2020-08-13,-0.00022760156160958936,0.00014229274896976633,22.1299991607666
2020-08-14,-0.0002010401134249986,0.001243100160170528,22.049999237060547
2020-08-17,0.000177735138800316,0.000334143979741518,21.350000381469727
2020-08-18,-0.00023765792244882013,0.0008086360139536261,21.510000228881836
2020-08-19,4.77931750937083e-05,-0.005219155450993816,22.540000915527344
2020-08-20,0.00014807265250488418,0.007420747494363636,22.719999313354492
2020-08-21,0.00023746960136718375,0.0032875226521910388,22.540000915527344
2020-08-24,-9.436858030386372e-05,0.0038514366971161046,22.3700008392334
2020-08-25,-5.902407334927847e-05,0.002229839689844881,22.030000686645508
2020-08-26,0.00014203359289592898,0.00830175217407437,23.270000457763672
2020-08-27,0.0002131206095040921,-0.00016925968195632518,24.469999313354492
2020-08-28,-7.089997332871873e-05,0.0038042710716673506,22.959999084472656
2020-08-31,0.00014294244700292305,-0.002687553135922299,26.40999984741211
2020-09-01,-1.1881902080997096e-05,0.0054619742204085504,26.1200008392334
2020-09-02,1.1897789985625216e-05,0.010409121190729936,26.56999969482422
2020-09-03,0.00011843790976882217,-0.03125127702714061,33.599998474121094
2020-09-04,-0.00033150192165475983,-0.007743634126357752,30.75
2020-09-07,-0.00017757238652029418,,
2020-09-08,0.00021269237003204044,-0.011945687240447594,31.459999084472656
2020-09-09,9.419503362121119e-05,0.008610140224509212,28.809999465942383
2020-09-10,0.0,-0.02173451488437531,29.709999084472656
2020-09-11,-0.0001537333181586245,-0.003504801585045651,26.8700008392334
2020-09-14,-7.096300882516097e-05,0.005922555937254614,25.850000381469727
2020-09-15,0.00026114963439829417,-0.0019180785716540734,25.59000015258789
2020-09-16,0.0001421222743123812,-0.00757427506298496,26.040000915527344
2020-09-17,-7.079519825692009e-05,0.003028074805118419,26.459999084472656
2020-09-18,-0.000367374235042635,-0.011355750188634182,25.829999923706055
2020-09-21,0.0,-0.001373614894569456,27.780000686645508
2020-09-22,0.0005269977004895733,0.005995815519957161,26.860000610351562
2020-09-23,7.025513613753732e-05,-0.025375711003036087,28.579999923706055
2020-09-24,-0.00029147390975590716,0.0063188989559595675,28.510000228881836
2020-09-25,-3.4925054614799217e-05,0.01891377429430419,26.3799991607666
2020-09-28,2.3359880267312656e-05,0.005295112308519447,26.190000534057617
2020-09-29,9.350319208951507e-05,-0.004621321495345684,26.270000457763672
2020-09-30,-5.878032054836436e-05,0.006500427617451768,26.3700008392334
2020-10-01,0.00019937843001908252,-0.001498541877696042,26.700000762939453
2020-10-02,7.044234956373762e-05,0.0028351956565319395,27.6299991607666
2020-10-05,-0.00012896067175063132,0.012199345614560906,27.959999084472656
2020-10-06,0.0003537746318612379,-0.014113104610349394,29.479999542236328
2020-10-07,2.3359429202228206e-05,0.010252847843128065,28.059999465942383
2020-10-08,0.00016473396413922822,0.00364768548902868,26.360000610351562
2020-10-09,-4.761469861683336e-06,0.005036899700395909,25.0
2020-10-12,0.0002953218845847109,0.009723927730541307,25.06999969482422
2020-10-13,0.0001653671793303023,-0.006267481865151084,26.06999969482422
2020-10-14,-0.00015267773840029107,-0.00765266828781518,26.399999618530273
2020-10-15,-0.00030538703883068884,0.008539726323764648,26.969999313354492
2020-10-16,0.00011700513904201611,-0.002777559705551092,27.40999984741211
2020-10-19,-1.170158019679754e-05,-0.019287996356192442,29.18000030517578
2020-10-20,7.060310910874277e-05,0.0010868825988228077,29.350000381469727
2020-10-21,4.736301860105719e-05,-0.0012653256037829332,28.649999618530273
2020-10-22,0.0002251902849815233,0.004349981324042957,28.110000610351562
2020-10-23,8.27384322811408e-05,0.00014140541007411872,27.549999237060547
2020-10-26,1.1771609644403905e-05,-0.011823477770090749,32.459999084472656
2020-10-27,0.0,-0.003670973519109803,33.349998474121094
2020-10-28,0.00021205594795220068,-0.021608111609627303,40.279998779296875
2020-10-29,0.00010573334506715099,0.010001232669368679,37.59000015258789
2020-10-30,0.0001635361542575128,-0.007200441490325343,38.02000045776367
2020-11-02,-3.491602414971694e-05,0.004250416358686985,37.130001068115234
2020-11-03,0.0,0.009816007310651038,35.54999923706055
2020-11-04,-0.00020004361706652844,0.010797337264326681,29.56999969482422
2020-11-05,0.00023453060909774787,0.007063863014821023,27.579999923706055
2020-11-06,0.00028359954904949884,0.00031344770569573905,24.860000610351562
2020-11-09,-1.1927864087027192e-05,-0.009123174351739004,25.75
2020-11-10,0.00034295133038229344,0.0006404533344432255,24.799999237060547
2020-11-11,-7.090500049144898e-05,0.002645769566748219,23.450000762939453
2020-11-12,0.0001355076562633484,-0.0072285015906410205,25.350000381469727
2020-11-13,-0.00015814688242750714,0.00912898247064176,23.100000381469727
2020-11-16,8.29298638262348e-05,0.007402757358286296,22.450000762939453
2020-11-17,-2.372207617736211e-05,-0.00021607938414539734,22.709999084472656
2020-11-18,-5.928303501136201e-05,-0.012340209088121412,23.84000015258789
2020-11-19,0.00040265608637487024,0.006290267023195954,23.110000610351562
2020-11-20,-8.317648175710708e-05,-0.006100755026442764,23.700000762939453
2020-11-23,9.483766641742289e-05,0.003014952236486606,22.65999984741211
2020-11-24,7.811546052895158e-05,0.011311403829633637,21.639999389648438
2020-11-25,0.0,-0.0016104551177249815,21.25
2020-11-26,0.00020743762992988745,,
2020-11-27,0.0003479044147458402,-5.4955040717972496e-05,20.84000015258789
2020-11-30,5.9947692171261016e-05,-0.0034593137539257117,20.56999969482422
2020-12-01,3.584882401519382e-05,0.004537256790330653,20.770000457763672
2020-12-02,0.000374253423109087,0.004159617399139964,21.170000076293945
2020-12-03,9.683158023903302e-05,-0.0004253738561073029,21.280000686645508
2020-12-04,2.4341441324749243e-05,0.007647241105001154,20.790000915527344
2020-12-07,6.058326143380137e-05,-0.0007500029602077025,21.299999237060547
2020-12-08,0.0003027649371331662,0.00519951641795405,20.68000030517578
2020-12-09,8.485121364470915e-05,-0.008987947937329193,22.270000457763672
2020-12-10,-0.00024157218611131948,0.002448461246337945,22.520000457763672
2020-12-11,7.048189693064458e-05,0.002016488815910638,23.309999465942383
2020-12-14,-1.3361753258734806e-05,-0.0075873475381948,24.719999313354492
2020-12-15,1.2167394698854896e-05,0.007664781443773265,22.889999389648438
2020-12-16,4.3842684803485997e-05,0.0013301725878442112,22.5
2020-12-17,0.00020737454036818566,0.0023749134064220065,21.93000030517578
2020-12-18,6.134315357152783e-05,-0.0034930956182999545,21.56999969482422
2020-12-21,0.000451913838362617,0.0028837543424784636,25.15999984741211
2020-12-22,-0.00012244671939186808,-0.002930149721520175,24.229999542236328
2020-12-23,6.094344464894251e-05,-0.0009236662048339974,23.309999465942383
2020-12-24,-0.0002072751228779388,0.0024415097491651497,21.530000686645508
2020-12-25,0.0,,
2020-12-28,-0.00015860632731862323,0.0033063674953296173,21.700000762939453
2020-12-29,0.00028110688801389293,-0.006144145836602973,23.079999923706055
2020-12-30,-2.4419559951997918e-05,-0.0011113484136749997,22.770000457763672
2020-12-31,6.765170655456978e-05,0.006088685784766894,22.75
2021-01-01,0.0006089418697650932,,
2021-01-04,0.00013468356874986407,-0.017135845256039117,26.969999313354492
2021-01-05,-0.0001103332542141654,0.007768538330429335,25.34000015258789
2021-01-06,0.00013530383291039707,0.009635008644139326,25.06999969482422
2021-01-07,0.00027146959992207413,0.010327125704440962,22.3700008392334
2021-01-08,0.0002209290551774571,0.0025210021656017676,21.559999465942383
2021-01-11,-0.00013400872446198053,-0.0009285549070715385,24.079999923706055
2021-01-12,-7.410664734139674e-05,-0.00011316231193305787,23.329999923706055
2021-01-13,-3.0463636038444263e-05,0.0019994849991998532,22.209999084472656
2021-01-14,6.086846957812224e-05,-0.005108713632319848,23.25
2021-01-15,-0.0001433203662409778,-0.005420162726470693,24.34000015258789
2021-01-18,7.240864597947471e-05,,
2021-01-19,-9.662781278719124e-05,0.004492950841740272,23.239999771118164
2021-01-20,-4.861010216099807e-05,0.009293181481867353,21.579999923706055
2021-01-21,2.4204962904087378e-05,-0.0011386747826066166,21.31999969482422
2021-01-22,8.524578245243287e-06,-0.000720823363168046,21.90999984741211
2021-01-25,7.298126358691554e-05,0.0009550167229723615,23.190000534057617
2021-01-26,0.00024284023862329313,-0.0034592463008088644,23.020000457763672
2021-01-27,-1.950376635919786e-05,-0.022685367753283968,37.209999084472656
2021-01-28,2.4324556551915712e-05,0.008386457263277712,30.209999084472656
2021-01-29,-0.00010907218479790501,-0.017033937862637905,33.09000015258789
2021-02-01,8.495744807104826e-05,0.01137654234912281,30.239999771118164
2021-02-02,8.44567272137139e-05,0.009049495029233344,25.559999465942383
2021-02-03,0.0,-0.0026335134805171544,22.90999984741211
2021-02-04,4.811097599397996e-05,0.009101842340536464,21.770000457763672
2021-02-05,-5.986817547549855e-05,0.0021970096028049993,20.8700008392334
2021-02-08,-4.818210263371342e-05,0.005891274536228719,21.239999771118164
2021-02-09,8.683740739414421e-05,0.0001892141982465157,21.6299991607666
2021-02-10,0.000250941610273686,-0.0027839680555224507,21.989999771118164
2021-02-11,0.00014546677032034442,-5.111730904996926e-06,21.25
2021-02-12,0.00012136366588207974,0.005908443855930878,19.969999313354492
2021-02-15,8.48714647746076e-05,,
2021-02-16,-1.5819512917551906e-05,-0.0017834966636744096,21.459999084472656
2021-02-17,0.0003263574056635178,0.003268883382713399,21.5
2021-02-18,0.00017722665272028863,-0.00048280402936115514,22.489999771118164
2021-02-19,1.202757508912692e-05,-0.0036919284094810265,22.049999237060547
2021-02-22,0.00015759684410287608,-0.0023318718307901976,23.450000762939453
2021-02-23,-1.0973608960507808e-05,0.006280368683538086,23.110000610351562
2021-02-24,1.2164142149559988e-05,0.01326318788846734,21.34000015258789
2021-02-25,0.00015329153940546307,-0.022327175775332806,28.889999389648438
2021-02-26,2.4311875882023277e-05,-0.00745284288129498,27.950000762939453
2021-03-01,-0.00011122042539076254,0.015317327026065627,23.350000381469727
2021-03-02,0.00016867260978347063,-0.008579973938210961,24.100000381469727
2021-03-03,3.620099999009053e-05,-0.011523211995059969,26.670000076293945
2021-03-04,0.00019282038455128007,-0.013196463707469394,28.56999969482422
2021-03-05,-7.171583321331066e-05,0.01266724723512571,24.65999984741211
2021-03-08,8.347055580987646e-05,-0.006011125951870676,25.469999313354492
2021-03-09,-2.3737549606038062e-05,0.006084885981037401,24.030000686645508
2021-03-10,0.00010230280004468469,0.0017508009597892382,22.559999465942383
2021-03-11,-0.00011924157773032699,0.006059957956759053,21.90999984741211
2021-03-12,0.0003714388443388799,0.00478404648713614,20.690000534057617
2021-03-15,-9.566212185784377e-05,0.006567341388459192,20.030000686645508
2021-03-16,-0.00013123804926727377,-0.0027418655298883684,19.790000915527344
2021-03-17,-3.796068585498882e-05,0.0061966399013499394,19.229999542236328
2021-03-18,0.00017978325868323126,-0.00966845315761341,21.579999923706055
2021-03-19,4.761186964801448e-05,-1.0169614508333537e-05,20.950000762939453
2021-03-22,-0.00011887000084771119,0.006137194370922231,18.8799991607666
2021-03-23,-2.3975372498500646e-05,-0.00690106297912657,20.299999237060547
2021-03-24,-8.28576694483947e-05,-0.007885753185009704,21.200000762939453
2021-03-25,-5.913329959279791e-05,0.007749550579562325,19.809999465942383
2021-03-26,4.707090655939282e-05,0.014552308145821891,18.860000610351562
2021-03-29,3.418172095382568e-05,0.00044834751243139846,20.739999771118164
2021-03-30,0.00015891099513693296,-0.0012093173633053024,19.610000610351562
2021-03-31,2.3387395841914827e-05,0.001420603063150507,19.399999618530273
2021-04-01,-1.1586645801313668e-05,0.0067618554696885075,17.329999923706055
2021-04-02,0.00018834493086734662,,
2021-04-05,0.0001529718223821048,0.010717088772752952,17.90999984741211
2021-04-06,-1.1700036482008932e-05,-0.000400055211396206,18.1200008392334
2021-04-07,-0.00010681275663660796,0.0013882134999963845,17.15999984741211
2021-04-08,0.00014257540606441965,0.0017637393092378947,16.950000762939453
2021-04-09,0.0,0.007949051079822566,16.690000534057617
2021-04-12,0.00034505038889500757,0.0007949576581280677,16.90999984741211
2021-04-13,0.0002144351914876978,0.002778090949916783,16.649999618530273
2021-04-14,-0.0002749958862670647,-0.0040937463768289635,16.989999771118164
2021-04-15,0.00031154569489338403,0.0073789729034408865,16.56999969482422
2021-04-16,8.384610242030383e-05,0.002710673006530247,16.25
2021-04-19,9.581458590184522e-05,-0.003964986847354014,17.290000915527344
2021-04-20,0.00012045076312507973,-0.005845177800337178,18.68000030517578
2021-04-21,-1.1987838783529738e-05,0.010841076575705107,17.5
2021-04-22,-3.604610296955484e-05,-0.008543845129777473,18.709999084472656
2021-04-23,-0.0002643839123753032,0.00995089036818437,17.329999923706055
2021-04-26,2.4157970250481872e-05,0.0006187604030045619,17.639999389648438
2021-04-27,0.00020416809884687094,-0.00036532313166979635,17.559999465942383
2021-04-28,0.00014623311941942827,-0.00046842398477757647,17.280000686645508
2021-04-29,1.218040196919445e-05,0.0012664113958124716,17.610000610351562
2021-04-30,0.00018187150150263346,-0.004040972251798165,18.610000610351562
2021-05-03,0.00010833505436094509,0.00016224328573477876,18.309999465942383
2021-05-04,0.00012068654945264602,-0.003446887283389275,19.479999542236328
2021-05-05,-0.00010814034921412698,-0.00226977021692801,19.149999618530273
2021-05-06,-9.609369221791376e-05,0.007760380775043091,18.389999389648438
2021-05-07,0.00021723381423080704,0.005273117099255175,16.690000534057617
2021-05-10,0.0002921138681013798,-0.009471661230716048,19.65999984741211
2021-05-11,-9.710314044974967e-05,0.0004240329216586213,21.84000015258789
2021-05-12,-8.254837538241222e-05,-0.016479051220919843,27.59000015258789
2021-05-13,0.00013650504756760023,0.009162825785883713,23.1299991607666
2021-05-14,-0.00024160136819674968,0.010663168850316504,18.809999465942383
2021-05-17,0.00023088330727458558,-0.001591195767880622,19.719999313354492
2021-05-18,0.00013376165849888892,-0.009190062278625129,21.34000015258789
2021-05-19,-0.00019931247015111264,0.0041952111692122014,22.18000030517578
2021-05-20,0.0,0.008972285067227692,20.670000076293945
2021-05-21,-0.00020786891151545073,-0.003063260577272016,20.149999618530273
2021-05-24,0.00017056183923252165,0.006427409168443567,18.399999618530273
2021-05-25,1.2199506037345344e-05,-0.004243492296947534,18.84000015258789
2021-05-26,1.596075678167438e-05,0.0010492635510437822,17.360000610351562
2021-05-27,0.00018294791525856884,-0.00025231020575217225,16.739999771118164
2021-05-28,3.6565570039354315e-05,-0.0015829477624065972,16.760000228881836
2021-05-31,0.0,,
2021-06-01,-9.783502975452059e-05,-0.0034400169737574746,17.899999618530273
2021-06-02,-2.4489875169650703e-05,0.0003090439119359093,17.479999542236328
2021-06-03,-0.00013443243831044645,0.00033871050162132633,18.040000915527344
2021-06-04,0.0002232535918512791,0.005652101760858373,16.420000076293945
2021-06-07,0.0002189784141595103,-0.000666951526839257,16.420000076293945
2021-06-08,0.00032912623735320936,-0.0015483371283880377,17.06999969482422
2021-06-09,8.51051703078937e-05,-0.0031802135105319465,17.889999389648438
2021-06-10,0.0003861199093662437,0.0025083723548363153,16.100000381469727
2021-06-11,-4.867142436516257e-05,0.0010694600166241523,15.649999618530273
2021-06-14,-4.842986347761447e-05,0.0016087205106005743,16.389999389648438
2021-06-15,-0.00015762551308244328,-0.0020442431633921564,17.020000457763672
2021-06-16,0.00013340197115542448,-0.005941525414774962,18.149999618530273
2021-06-17,0.00031189563020488217,0.00035292715613289015,17.75
2021-06-18,1.2007641663295467e-05,-0.009157521127330613,20.700000762939453
2021-06-21,0.0003918299785199785,0.01223853676039416,17.889999389648438
2021-06-22,8.336198385140985e-05,0.0051540545630889755,16.65999984741211
2021-06-23,-5.9719032952864384e-05,-0.0017501075353780887,16.31999969482422
2021-06-24,0.00013127378044882875,0.00223384001057841,15.970000267028809
2021-06-25,0.0002028606557116451,0.0014611084145858331,15.619999885559082
2021-06-28,0.0,0.0013316903455058728,15.760000228881836
2021-06-29,-0.00011931305671718931,-0.00032851593677353497,16.020000457763672
2021-06-30,0.0001666795386395027,0.0015952444209340777,15.829999923706055
2021-07-01,0.00011864555057922869,0.004456728515986391,15.479999542236328
2021-07-02,-7.104262399417399e-05,0.005931558862052332,15.069999694824219
2021-07-05,2.3729110089199224e-05,,
2021-07-06,0.00019455112213645362,-0.002970099166148136,16.440000534057617
2021-07-07,0.00035463029609105655,0.0016350911941326945,16.200000762939453
2021-07-08,-1.4151291457245949e-05,-5.785771636525092e-05,19.0
2021-07-09,8.995430749852031e-05,0.009235666651098918,16.18000030517578
2021-07-12,-5.9437416835218374e-05,0.0027908367300770705,16.170000076293945
2021-07-13,2.3610633527239633e-05,-0.0027107408756625218,17.1200008392334
2021-07-14,8.251082782119428e-05,-0.0013273446564976477,16.329999923706055
2021-07-15,0.0,-0.0020598433403221394,17.010000228881836
2021-07-16,-0.00010626708905636782,-0.00926330188152121,18.450000762939453
2021-07-19,0.0002090971390980683,-0.00886274762330232,22.5
2021-07-20,0.00011786337768034474,0.013495558512831227,19.729999542236328
2021-07-21,-0.0001178456263110926,0.006343089168075105,17.90999984741211
2021-07-22,-0.0002123614484723892,0.0014228754369664935,17.690000534057617
2021-07-23,-7.067611528935926e-05,0.006957807603973299,17.200000762939453
2021-07-26,3.5337848312534954e-05,0.0028804140286497848,17.579999923706055
2021-07-27,0.00011802727271596403,-0.0033840342708794284,19.360000610351562
2021-07-28,6.150649369348364e-05,-0.0005247992147847786,18.309999465942383
2021-07-29,-7.104430400252905e-05,0.0035272659455496385,17.700000762939453
2021-07-30,8.209572034801715e-05,3.177301535846758e-05,18.239999771118164
2021-08-02,0.00014235358111860732,-0.0044802581617281595,19.459999084472656
2021-08-03,-2.379208130381905e-05,0.006898858335911236,18.040000915527344
2021-08-04,2.3803099556327828e-05,-0.0030140914711196043,17.969999313354492
2021-08-05,-0.00021307039962839553,0.004580303565470211,17.280000686645508
2021-08-06,0.00021304533579535667,0.0016806996934327747,16.149999618530273
2021-08-09,-0.00011758410434728411,-0.0012220629434372848,16.719999313354492
2021-08-10,-4.579998173881081e-05,0.00021638920467415866,16.790000915527344
2021-08-11,0.00030479794608715744,5.177064112285117e-05,16.170000076293945
2021-08-12,-1.2893554821824476e-05,0.0033120382320485837,15.59000015258789
2021-08-13,1.16810178128651e-05,0.0007075367827274272,15.449999809265137
2021-08-16,-0.00014148855891531613,0.004039672584483566,16.1200008392334
2021-08-17,0.0,-0.0031514557192495094,17.90999984741211
2021-08-18,1.1707475788353533e-05,-0.009200145437529731,21.56999969482422
2021-08-19,-4.675244910094674e-05,0.0053161768390455645,21.670000076293945
2021-08-20,-1.6334667944163436e-05,0.007028735454640366,18.559999465942383
2021-08-23,-0.0001871904758223615,0.006548810876251621,17.149999618530273
2021-08-24,-0.00018786243308481943,0.00040801552941010285,17.219999313354492
2021-08-25,-0.00016450272597427683,0.0012773955086458793,16.790000915527344
2021-08-26,0.00011886805629386265,-0.0052991338617422905,18.84000015258789
2021-08-27,0.0002937972843210605,0.007852244157331371,16.389999389648438
2021-08-30,-8.142954727141912e-05,0.003324347137505577,16.190000534057617
2021-08-31,-0.00021228630560754478,-0.0015619729771689354,16.479999542236328
2021-09-01,-0.0001417053473834595,-0.0010405431956813924,16.110000610351562
2021-09-02,-0.00011828708833712158,0.0005446142134017773,16.40999984741211
2021-09-03,0.00018992606893762661,0.0006639399602798484,16.40999984741211
2021-09-06,0.0,,
2021-09-07,9.49698029868951e-05,-0.0033902634826637546,18.139999389648438
2021-09-08,-0.00016586268258515037,-0.0008901569379812038,17.959999084472656
2021-09-09,-0.00010398285089094034,-0.004383657309776383,18.799999237060547
2021-09-10,0.00020102212863629012,-0.010783628841441194,20.950000762939453
2021-09-13,-4.7230653833455185e-05,-0.0013596582639795285,19.3700008392334
2021-09-14,0.00010627712795508987,-0.008132465523656518,19.459999084472656
2021-09-15,0.00011795415798041262,0.0074393830114625826,18.18000030517578
2021-09-16,5.436174048273205e-05,-0.0007462638061457679,18.690000534057617
2021-09-17,0.00022350172379837987,-0.008255940999333283,20.809999465942383
2021-09-20,9.380731952971661e-05,-0.010323540078974467,25.709999084472656
2021-09-21,0.0003869647512424856,-0.004642255832259065,24.360000610351562
